Time,Minute,Share
0:00,0,0.000037266340047900
0:01,1,0.000039402943543979
0:02,2,0.000041539547040059
0:03,3,0.000043676150536138
0:04,4,0.000045812754032218
0:05,5,0.000047949357528298
0:06,6,0.000050085961024377
0:07,7,0.000052222564520457
0:08,8,0.000054359168016536
0:09,9,0.000056495771512616
0:10,10,0.000058632375008696
0:11,11,0.000060570224691186
0:12,12,0.000062508074373677
0:13,13,0.000064445924056168
0:14,14,0.000066383773738659
0:15,15,0.000068321623421149
0:16,16,0.000070259473103640
0:17,17,0.000072197322786131
0:18,18,0.000074135172468622
0:19,19,0.000076073022151113
0:20,20,0.000078010871833603
0:21,21,0.000077315233486043
0:22,22,0.000076619595138482
0:23,23,0.000075923956790921
0:24,24,0.000075228318443360
0:25,25,0.000074532680095799
0:26,26,0.000073837041748239
0:27,27,0.000073141403400678
0:28,28,0.000072445765053117
0:29,29,0.000071750126705556
0:30,30,0.000071054488357995
0:31,31,0.000069166327128902
0:32,32,0.000067278165899808
0:33,33,0.000065390004670715
0:34,34,0.000063501843441621
0:35,35,0.000061613682212528
0:36,36,0.000059725520983434
0:37,37,0.000057837359754340
0:38,38,0.000055949198525247
0:39,39,0.000054061037296153
0:40,40,0.000052172876067060
0:41,41,0.000051576614626293
0:42,42,0.000050980353185527
0:43,43,0.000050384091744760
0:44,44,0.000049787830303994
0:45,45,0.000049191568863228
0:46,46,0.000048595307422461
0:47,47,0.000047999045981695
0:48,48,0.000047402784540928
0:49,49,0.000046806523100162
0:50,50,0.000046210261659396
0:51,51,0.000045464934858438
0:52,52,0.000044719608057480
0:53,53,0.000043974281256522
0:54,54,0.000043228954455564
0:55,55,0.000042483627654606
0:56,56,0.000041738300853648
0:57,57,0.000040992974052690
0:58,58,0.000040247647251732
0:59,59,0.000039502320450774
1:00,60,0.000038756993649816
1:01,61,0.000038707305196419
1:02,62,0.000038657616743021
1:03,63,0.000038607928289624
1:04,64,0.000038558239836227
1:05,65,0.000038508551382830
1:06,66,0.000038458862929433
1:07,67,0.000038409174476035
1:08,68,0.000038359486022638
1:09,69,0.000038309797569241
1:10,70,0.000038260109115844
1:11,71,0.000038260109115844
1:12,72,0.000038260109115844
1:13,73,0.000038260109115844
1:14,74,0.000038260109115844
1:15,75,0.000038260109115844
1:16,76,0.000038260109115844
1:17,77,0.000038260109115844
1:18,78,0.000038260109115844
1:19,79,0.000038260109115844
1:20,80,0.000038260109115844
1:21,81,0.000037514782314886
1:22,82,0.000036769455513928
1:23,83,0.000036024128712970
1:24,84,0.000035278801912012
1:25,85,0.000034533475111054
1:26,86,0.000033788148310096
1:27,87,0.000033042821509138
1:28,88,0.000032297494708180
1:29,89,0.000031552167907222
1:30,90,0.000030806841106264
1:31,91,0.000030906218013058
1:32,92,0.000031005594919853
1:33,93,0.000031104971826647
1:34,94,0.000031204348733441
1:35,95,0.000031303725640236
1:36,96,0.000031403102547030
1:37,97,0.000031502479453825
1:38,98,0.000031601856360619
1:39,99,0.000031701233267413
1:40,100,0.000031800610174208
1:41,101,0.000031999363987797
1:42,102,0.000032198117801385
1:43,103,0.000032396871614974
1:44,104,0.000032595625428563
1:45,105,0.000032794379242152
1:46,106,0.000032993133055741
1:47,107,0.000033191886869329
1:48,108,0.000033390640682918
1:49,109,0.000033589394496507
1:50,110,0.000033788148310096
1:51,111,0.000033390640682918
1:52,112,0.000032993133055741
1:53,113,0.000032595625428563
1:54,114,0.000032198117801385
1:55,115,0.000031800610174208
1:56,116,0.000031403102547030
1:57,117,0.000031005594919853
1:58,118,0.000030608087292675
1:59,119,0.000030210579665497
2:00,120,0.000029813072038320
2:01,121,0.000029316187504348
2:02,122,0.000028819302970376
2:03,123,0.000028322418436404
2:04,124,0.000027825533902432
2:05,125,0.000027328649368460
2:06,126,0.000026831764834488
2:07,127,0.000026334880300516
2:08,128,0.000025837995766544
2:09,129,0.000025341111232572
2:10,130,0.000024844226698600
2:11,131,0.000024148588351039
2:12,132,0.000023452950003478
2:13,133,0.000022757311655917
2:14,134,0.000022061673308357
2:15,135,0.000021366034960796
2:16,136,0.000020670396613235
2:17,137,0.000019974758265674
2:18,138,0.000019279119918113
2:19,139,0.000018583481570553
2:20,140,0.000017887843222992
2:21,141,0.000017937531676389
2:22,142,0.000017987220129786
2:23,143,0.000018036908583183
2:24,144,0.000018086597036581
2:25,145,0.000018136285489978
2:26,146,0.000018185973943375
2:27,147,0.000018235662396772
2:28,148,0.000018285350850169
2:29,149,0.000018335039303567
2:30,150,0.000018384727756964
2:31,151,0.000018782235384141
2:32,152,0.000019179743011319
2:33,153,0.000019577250638497
2:34,154,0.000019974758265674
2:35,155,0.000020372265892852
2:36,156,0.000020769773520029
2:37,157,0.000021167281147207
2:38,158,0.000021564788774385
2:39,159,0.000021962296401562
2:40,160,0.000022359804028740
2:41,161,0.000022657934749123
2:42,162,0.000022956065469506
2:43,163,0.000023254196189889
2:44,164,0.000023552326910273
2:45,165,0.000023850457630656
2:46,166,0.000024148588351039
2:47,167,0.000024446719071422
2:48,168,0.000024744849791805
2:49,169,0.000025042980512189
2:50,170,0.000025341111232572
2:51,171,0.000026384568753913
2:52,172,0.000027428026275254
2:53,173,0.000028471483796595
2:54,174,0.000029514941317937
2:55,175,0.000030558398839278
2:56,176,0.000031601856360619
2:57,177,0.000032645313881960
2:58,178,0.000033688771403301
2:59,179,0.000034732228924643
3:00,180,0.000035775686445984
3:01,181,0.000037465093861489
3:02,182,0.000039154501276993
3:03,183,0.000040843908692498
3:04,184,0.000042533316108003
3:05,185,0.000044222723523508
3:06,186,0.000045912130939012
3:07,187,0.000047601538354517
3:08,188,0.000049290945770022
3:09,189,0.000050980353185527
3:10,190,0.000052669760601032
3:11,191,0.000054359168016536
3:12,192,0.000056048575432041
3:13,193,0.000057737982847546
3:14,194,0.000059427390263051
3:15,195,0.000061116797678556
3:16,196,0.000062806205094060
3:17,197,0.000064495612509565
3:18,198,0.000066185019925070
3:19,199,0.000067874427340575
3:20,200,0.000069563834756079
3:21,201,0.000070507915370626
3:22,202,0.000071451995985173
3:23,203,0.000072396076599720
3:24,204,0.000073340157214267
3:25,205,0.000074284237828813
3:26,206,0.000075228318443360
3:27,207,0.000076172399057907
3:28,208,0.000077116479672454
3:29,209,0.000078060560287001
3:30,210,0.000079004640901547
3:31,211,0.000081091555944230
3:32,212,0.000083178470986912
3:33,213,0.000085265386029594
3:34,214,0.000087352301072277
3:35,215,0.000089439216114959
3:36,216,0.000091526131157642
3:37,217,0.000093613046200324
3:38,218,0.000095699961243006
3:39,219,0.000097786876285689
3:40,220,0.000099873791328371
3:41,221,0.000103053852345792
3:42,222,0.000106233913363213
3:43,223,0.000109413974380633
3:44,224,0.000112594035398054
3:45,225,0.000115774096415475
3:46,226,0.000118954157432896
3:47,227,0.000122134218450317
3:48,228,0.000125314279467737
3:49,229,0.000128494340485158
3:50,230,0.000131674401502579
3:51,231,0.000132320351396742
3:52,232,0.000132966301290906
3:53,233,0.000133612251185070
3:54,234,0.000134258201079233
3:55,235,0.000134904150973397
3:56,236,0.000135550100867560
3:57,237,0.000136196050761724
3:58,238,0.000136842000655888
3:59,239,0.000137487950550051
4:00,240,0.000138133900444215
4:01,241,0.000141661780635416
4:02,242,0.000145189660826617
4:03,243,0.000148717541017818
4:04,244,0.000152245421209019
4:05,245,0.000155773301400221
4:06,246,0.000159301181591422
4:07,247,0.000162829061782623
4:08,248,0.000166356941973824
4:09,249,0.000169884822165025
4:10,250,0.000173412702356226
4:11,251,0.000179325628310493
4:12,252,0.000185238554264760
4:13,253,0.000191151480219027
4:14,254,0.000197064406173293
4:15,255,0.000202977332127560
4:16,256,0.000208890258081827
4:17,257,0.000214803184036094
4:18,258,0.000220716109990360
4:19,259,0.000226629035944627
4:20,260,0.000232541961898894
4:21,261,0.000230852554483389
4:22,262,0.000229163147067884
4:23,263,0.000227473739652380
4:24,264,0.000225784332236875
4:25,265,0.000224094924821370
4:26,266,0.000222405517405865
4:27,267,0.000220716109990360
4:28,268,0.000219026702574856
4:29,269,0.000217337295159351
4:30,270,0.000215647887743846
4:31,271,0.000211076550031304
4:32,272,0.000206505212318761
4:33,273,0.000201933874606219
4:34,274,0.000197362536893677
4:35,275,0.000192791199181134
4:36,276,0.000188219861468592
4:37,277,0.000183648523756050
4:38,278,0.000179077186043507
4:39,279,0.000174505848330965
4:40,280,0.000169934510618422
4:41,281,0.000171325787313544
4:42,282,0.000172717064008666
4:43,283,0.000174108340703787
4:44,284,0.000175499617398909
4:45,285,0.000176890894094030
4:46,286,0.000178282170789152
4:47,287,0.000179673447484274
4:48,288,0.000181064724179395
4:49,289,0.000182456000874517
4:50,290,0.000183847277569638
4:51,291,0.000191896807019985
4:52,292,0.000199946336470331
4:53,293,0.000207995865920677
4:54,294,0.000216045395371024
4:55,295,0.000224094924821370
4:56,296,0.000232144454271716
4:57,297,0.000240193983722063
4:58,298,0.000248243513172409
4:59,299,0.000256293042622755
5:00,300,0.000264342572073102
5:01,301,0.000271050513281724
5:02,302,0.000277758454490346
5:03,303,0.000284466395698967
5:04,304,0.000291174336907589
5:05,305,0.000297882278116211
5:06,306,0.000304590219324833
5:07,307,0.000311298160533455
5:08,308,0.000318006101742077
5:09,309,0.000324714042950699
5:10,310,0.000331421984159321
5:11,311,0.000335496437337891
5:12,312,0.000339570890516462
5:13,313,0.000343645343695032
5:14,314,0.000347719796873603
5:15,315,0.000351794250052173
5:16,316,0.000355868703230743
5:17,317,0.000359943156409314
5:18,318,0.000364017609587884
5:19,319,0.000368092062766454
5:20,320,0.000372166515945025
5:21,321,0.000380812306836137
5:22,322,0.000389458097727250
5:23,323,0.000398103888618363
5:24,324,0.000406749679509476
5:25,325,0.000415395470400588
5:26,326,0.000424041261291701
5:27,327,0.000432687052182814
5:28,328,0.000441332843073926
5:29,329,0.000449978633965039
5:30,330,0.000458624424856152
5:31,331,0.000470798095938466
5:32,332,0.000482971767020780
5:33,333,0.000495145438103094
5:34,334,0.000507319109185407
5:35,335,0.000519492780267721
5:36,336,0.000531666451350035
5:37,337,0.000543840122432349
5:38,338,0.000556013793514663
5:39,339,0.000568187464596977
5:40,340,0.000580361135679291
5:41,341,0.000588311288222843
5:42,342,0.000596261440766395
5:43,343,0.000604211593309947
5:44,344,0.000612161745853499
5:45,345,0.000620111898397050
5:46,346,0.000628062050940602
5:47,347,0.000636012203484154
5:48,348,0.000643962356027706
5:49,349,0.000651912508571258
5:50,350,0.000659862661114810
5:51,351,0.000663738360479792
5:52,352,0.000667614059844773
5:53,353,0.000671489759209755
5:54,354,0.000675365458574736
5:55,355,0.000679241157939718
5:56,356,0.000683116857304700
5:57,357,0.000686992556669681
5:58,358,0.000690868256034663
5:59,359,0.000694743955399644
6:00,360,0.000698619654764626
6:01,361,0.000704731334532481
6:02,362,0.000710843014300337
6:03,363,0.000716954694068192
6:04,364,0.000723066373836048
6:05,365,0.000729178053603904
6:06,366,0.000735289733371759
6:07,367,0.000741401413139615
6:08,368,0.000747513092907470
6:09,369,0.000753624772675326
6:10,370,0.000759736452443181
6:11,371,0.000768084112613911
6:12,372,0.000776431772784640
6:13,373,0.000784779432955370
6:14,374,0.000793127093126099
6:15,375,0.000801474753296829
6:16,376,0.000809822413467558
6:17,377,0.000818170073638288
6:18,378,0.000826517733809017
6:19,379,0.000834865393979747
6:20,380,0.000843213054150477
6:21,381,0.000856380494300734
6:22,382,0.000869547934450992
6:23,383,0.000882715374601250
6:24,384,0.000895882814751508
6:25,385,0.000909050254901766
6:26,386,0.000922217695052024
6:27,387,0.000935385135202282
6:28,388,0.000948552575352540
6:29,389,0.000961720015502798
6:30,390,0.000974887455653055
6:31,391,0.000986216423027617
6:32,392,0.000997545390402178
6:33,393,0.001008874357776740
6:34,394,0.001020203325151300
6:35,395,0.001031532292525860
6:36,396,0.001042861259900420
6:37,397,0.001054190227274990
6:38,398,0.001065519194649550
6:39,399,0.001076848162024110
6:40,400,0.001088177129398670
6:41,401,0.001091804386496670
6:42,402,0.001095431643594660
6:43,403,0.001099058900692660
6:44,404,0.001102686157790650
6:45,405,0.001106313414888650
6:46,406,0.001109940671986640
6:47,407,0.001113567929084640
6:48,408,0.001117195186182630
6:49,409,0.001120822443280630
6:50,410,0.001124449700378630
6:51,411,0.001132101722201790
6:52,412,0.001139753744024960
6:53,413,0.001147405765848130
6:54,414,0.001155057787671300
6:55,415,0.001162709809494470
6:56,416,0.001170361831317640
6:57,417,0.001178013853140810
6:58,418,0.001185665874963980
6:59,419,0.001193317896787140
7:00,420,0.001200969918610310
7:01,421,0.001212746082065450
7:02,422,0.001224522245520590
7:03,423,0.001236298408975720
7:04,424,0.001248074572430860
7:05,425,0.001259850735885990
7:06,426,0.001271626899341130
7:07,427,0.001283403062796270
7:08,428,0.001295179226251400
7:09,429,0.001306955389706540
7:10,430,0.001318731553161680
7:11,431,0.001330159897443030
7:12,432,0.001341588241724390
7:13,433,0.001353016586005740
7:14,434,0.001364444930287100
7:15,435,0.001375873274568460
7:16,436,0.001387301618849810
7:17,437,0.001398729963131170
7:18,438,0.001410158307412520
7:19,439,0.001421586651693880
7:20,440,0.001433014995975240
7:21,441,0.001444145209536210
7:22,442,0.001455275423097180
7:23,443,0.001466405636658150
7:24,444,0.001477535850219130
7:25,445,0.001488666063780100
7:26,446,0.001499796277341070
7:27,447,0.001510926490902040
7:28,448,0.001522056704463020
7:29,449,0.001533186918023990
7:30,450,0.001544317131584960
7:31,451,0.001542826477983050
7:32,452,0.001541335824381130
7:33,453,0.001539845170779210
7:34,454,0.001538354517177300
7:35,455,0.001536863863575380
7:36,456,0.001535373209973470
7:37,457,0.001533882556371550
7:38,458,0.001532391902769630
7:39,459,0.001530901249167720
7:40,460,0.001529410595565800
7:41,461,0.001511771194609800
7:42,462,0.001494131793653790
7:43,463,0.001476492392697780
7:44,464,0.001458852991741780
7:45,465,0.001441213590785770
7:46,466,0.001423574189829770
7:47,467,0.001405934788873760
7:48,468,0.001388295387917760
7:49,469,0.001370655986961750
7:50,470,0.001353016586005740
7:51,471,0.001340892603376830
7:52,472,0.001328768620747910
7:53,473,0.001316644638118990
7:54,474,0.001304520655490080
7:55,475,0.001292396672861160
7:56,476,0.001280272690232240
7:57,477,0.001268148707603330
7:58,478,0.001256024724974410
7:59,479,0.001243900742345490
8:00,480,0.001231776759716580
8:01,481,0.001223280034185660
8:02,482,0.001214783308654730
8:03,483,0.001206286583123810
8:04,484,0.001197789857592890
8:05,485,0.001189293132061970
8:06,486,0.001180796406531050
8:07,487,0.001172299681000130
8:08,488,0.001163802955469210
8:09,489,0.001155306229938290
8:10,490,0.001146809504407370
8:11,491,0.001129816053345520
8:12,492,0.001112822602283680
8:13,493,0.001095829151221840
8:14,494,0.001078835700160000
8:15,495,0.001061842249098150
8:16,496,0.001044848798036310
8:17,497,0.001027855346974470
8:18,498,0.001010861895912630
8:19,499,0.000993868444850786
8:20,500,0.000976874993788943
8:21,501,0.000967185745376489
8:22,502,0.000957496496964036
8:23,503,0.000947807248551582
8:24,504,0.000938118000139128
8:25,505,0.000928428751726674
8:26,506,0.000918739503314220
8:27,507,0.000909050254901766
8:28,508,0.000899361006489312
8:29,509,0.000889671758076858
8:30,510,0.000879982509664404
8:31,511,0.000885050731910919
8:32,512,0.000890118954157433
8:33,513,0.000895187176403947
8:34,514,0.000900255398650462
8:35,515,0.000905323620896976
8:36,516,0.000910391843143490
8:37,517,0.000915460065390005
8:38,518,0.000920528287636519
8:39,519,0.000925596509883033
8:40,520,0.000930664732129548
8:41,521,0.000933795104693571
8:42,522,0.000936925477257595
8:43,523,0.000940055849821619
8:44,524,0.000943186222385642
8:45,525,0.000946316594949666
8:46,526,0.000949446967513689
8:47,527,0.000952577340077713
8:48,528,0.000955707712641736
8:49,529,0.000958838085205760
8:50,530,0.000961968457769783
8:51,531,0.000954465501306806
8:52,532,0.000946962544843829
8:53,533,0.000939459588380852
8:54,534,0.000931956631917875
8:55,535,0.000924453675454898
8:56,536,0.000916950718991921
8:57,537,0.000909447762528943
8:58,538,0.000901944806065966
8:59,539,0.000894441849602989
9:00,540,0.000886938893140012
9:01,541,0.000878392479155694
9:02,542,0.000869846065171375
9:03,543,0.000861299651187057
9:04,544,0.000852753237202739
9:05,545,0.000844206823218421
9:06,546,0.000835660409234102
9:07,547,0.000827113995249784
9:08,548,0.000818567581265466
9:09,549,0.000810021167281147
9:10,550,0.000801474753296829
9:11,551,0.000796158088783328
9:12,552,0.000790841424269828
9:13,553,0.000785524759756328
9:14,554,0.000780208095242828
9:15,555,0.000774891430729327
9:16,556,0.000769574766215827
9:17,557,0.000764258101702326
9:18,558,0.000758941437188826
9:19,559,0.000753624772675326
9:20,560,0.000748308108161825
9:21,561,0.000752481938247190
9:22,562,0.000756655768332555
9:23,563,0.000760829598417920
9:24,564,0.000765003428503284
9:25,565,0.000769177258588649
9:26,566,0.000773351088674014
9:27,567,0.000777524918759379
9:28,568,0.000781698748844744
9:29,569,0.000785872578930108
9:30,570,0.000790046409015473
9:31,571,0.000801574130203623
9:32,572,0.000813101851391774
9:33,573,0.000824629572579924
9:34,574,0.000836157293768074
9:35,575,0.000847685014956224
9:36,576,0.000859212736144375
9:37,577,0.000870740457332525
9:38,578,0.000882268178520675
9:39,579,0.000893795899708826
9:40,580,0.000905323620896976
9:41,581,0.000905323620896976
9:42,582,0.000905323620896976
9:43,583,0.000905323620896976
9:44,584,0.000905323620896976
9:45,585,0.000905323620896976
9:46,586,0.000905323620896976
9:47,587,0.000905323620896976
9:48,588,0.000905323620896976
9:49,589,0.000905323620896976
9:50,590,0.000905323620896976
9:51,591,0.000904031721108649
9:52,592,0.000902739821320322
9:53,593,0.000901447921531994
9:54,594,0.000900156021743667
9:55,595,0.000898864121955340
9:56,596,0.000897572222167013
9:57,597,0.000896280322378686
9:58,598,0.000894988422590358
9:59,599,0.000893696522802031
10:00,600,0.000892404623013704
10:01,601,0.000892454311467101
10:02,602,0.000892503999920499
10:03,603,0.000892553688373896
10:04,604,0.000892603376827293
10:05,605,0.000892653065280690
10:06,606,0.000892702753734087
10:07,607,0.000892752442187484
10:08,608,0.000892802130640882
10:09,609,0.000892851819094279
10:10,610,0.000892901507547676
10:11,611,0.000890118954157433
10:12,612,0.000887336400767190
10:13,613,0.000884553847376947
10:14,614,0.000881771293986703
10:15,615,0.000878988740596460
10:16,616,0.000876206187206217
10:17,617,0.000873423633815974
10:18,618,0.000870641080425731
10:19,619,0.000867858527035487
10:20,620,0.000865075973645244
10:21,621,0.000867063511781132
10:22,622,0.000869051049917020
10:23,623,0.000871038588052908
10:24,624,0.000873026126188796
10:25,625,0.000875013664324684
10:26,626,0.000877001202460572
10:27,627,0.000878988740596460
10:28,628,0.000880976278732348
10:29,629,0.000882963816868236
10:30,630,0.000884951355004124
10:31,631,0.000883609766762400
10:32,632,0.000882268178520675
10:33,633,0.000880926590278951
10:34,634,0.000879585002037227
10:35,635,0.000878243413795502
10:36,636,0.000876901825553778
10:37,637,0.000875560237312053
10:38,638,0.000874218649070329
10:39,639,0.000872877060828605
10:40,640,0.000871535472586880
10:41,641,0.000874765222057698
10:42,642,0.000877994971528516
10:43,643,0.000881224720999334
10:44,644,0.000884454470470152
10:45,645,0.000887684219940970
10:46,646,0.000890913969411788
10:47,647,0.000894143718882606
10:48,648,0.000897373468353424
10:49,649,0.000900603217824242
10:50,650,0.000903832967295060
10:51,651,0.000903584525028074
10:52,652,0.000903336082761088
10:53,653,0.000903087640494102
10:54,654,0.000902839198227116
10:55,655,0.000902590755960130
10:56,656,0.000902342313693144
10:57,657,0.000902093871426158
10:58,658,0.000901845429159172
10:59,659,0.000901596986892186
11:00,660,0.000901348544625200
11:01,661,0.000902988263587308
11:02,662,0.000904627982549415
11:03,663,0.000906267701511523
11:04,664,0.000907907420473630
11:05,665,0.000909547139435738
11:06,666,0.000911186858397845
11:07,667,0.000912826577359953
11:08,668,0.000914466296322061
11:09,669,0.000916106015284168
11:10,670,0.000917745734246276
11:11,671,0.000924354298548103
11:12,672,0.000930962862849931
11:13,673,0.000937571427151759
11:14,674,0.000944179991453586
11:15,675,0.000950788555755414
11:16,676,0.000957397120057241
11:17,677,0.000964005684359069
11:18,678,0.000970614248660896
11:19,679,0.000977222812962724
11:20,680,0.000983831377264551
11:21,681,0.000982291035209238
11:22,682,0.000980750693153925
11:23,683,0.000979210351098612
11:24,684,0.000977670009043298
11:25,685,0.000976129666987985
11:26,686,0.000974589324932672
11:27,687,0.000973048982877359
11:28,688,0.000971508640822046
11:29,689,0.000969968298766733
11:30,690,0.000968427956711419
11:31,691,0.000973198048237551
11:32,692,0.000977968139763682
11:33,693,0.000982738231289813
11:34,694,0.000987508322815944
11:35,695,0.000992278414342075
11:36,696,0.000997048505868206
11:37,697,0.001001818597394340
11:38,698,0.001006588688920470
11:39,699,0.001011358780446600
11:40,700,0.001016128871972730
11:41,701,0.001020600832778480
11:42,702,0.001025072793584230
11:43,703,0.001029544754389970
11:44,704,0.001034016715195720
11:45,705,0.001038488676001470
11:46,706,0.001042960636807220
11:47,707,0.001047432597612970
11:48,708,0.001051904558418710
11:49,709,0.001056376519224460
11:50,710,0.001060848480030210
11:51,711,0.001054388981088570
11:52,712,0.001047929482146940
11:53,713,0.001041469983205300
11:54,714,0.001035010484263670
11:55,715,0.001028550985322030
11:56,716,0.001022091486380390
11:57,717,0.001015631987438760
11:58,718,0.001009172488497120
11:59,719,0.001002712989555490
12:00,720,0.000996253490613851
12:01,721,0.000992775298876047
12:02,722,0.000989297107138243
12:03,723,0.000985818915400439
12:04,724,0.000982340723662635
12:05,725,0.000978862531924831
12:06,726,0.000975384340187027
12:07,727,0.000971906148449223
12:08,728,0.000968427956711419
12:09,729,0.000964949764973615
12:10,730,0.000961471573235811
12:11,731,0.000962962226837727
12:12,732,0.000964452880439643
12:13,733,0.000965943534041559
12:14,734,0.000967434187643475
12:15,735,0.000968924841245391
12:16,736,0.000970415494847307
12:17,737,0.000971906148449223
12:18,738,0.000973396802051139
12:19,739,0.000974887455653055
12:20,740,0.000976378109254971
12:21,741,0.000979110974191817
12:22,742,0.000981843839128663
12:23,743,0.000984576704065509
12:24,744,0.000987309569002355
12:25,745,0.000990042433939201
12:26,746,0.000992775298876047
12:27,747,0.000995508163812893
12:28,748,0.000998241028749739
12:29,749,0.001000973893686590
12:30,750,0.001003706758623430
12:31,751,0.001004948969958360
12:32,752,0.001006191181293290
12:33,753,0.001007433392628220
12:34,754,0.001008675603963150
12:35,755,0.001009917815298080
12:36,756,0.001011160026633010
12:37,757,0.001012402237967940
12:38,758,0.001013644449302870
12:39,759,0.001014886660637800
12:40,760,0.001016128871972730
12:41,761,0.001012700368688320
12:42,762,0.001009271865403920
12:43,763,0.001005843362119510
12:44,764,0.001002414858835100
12:45,765,0.000998986355550697
12:46,766,0.000995557852266290
12:47,767,0.000992129348981884
12:48,768,0.000988700845697477
12:49,769,0.000985272342413070
12:50,770,0.000981843839128663
12:51,771,0.000977073747602532
12:52,772,0.000972303656076401
12:53,773,0.000967533564550270
12:54,774,0.000962763473024139
12:55,775,0.000957993381498008
12:56,776,0.000953223289971876
12:57,777,0.000948453198445745
12:58,778,0.000943683106919614
12:59,779,0.000938913015393483
13:00,780,0.000934142923867352
13:01,781,0.000923211464119968
13:02,782,0.000912280004372584
13:03,783,0.000901348544625200
13:04,784,0.000890417084877816
13:05,785,0.000879485625130432
13:06,786,0.000868554165383048
13:07,787,0.000857622705635664
13:08,788,0.000846691245888280
13:09,789,0.000835759786140897
13:10,790,0.000824828326393513
13:11,791,0.000817076927663550
13:12,792,0.000809325528933586
13:13,793,0.000801574130203623
13:14,794,0.000793822731473660
13:15,795,0.000786071332743697
13:16,796,0.000778319934013734
13:17,797,0.000770568535283771
13:18,798,0.000762817136553808
13:19,799,0.000755065737823844
13:20,800,0.000747314339093881
13:21,801,0.000749649696403550
13:22,802,0.000751985053713218
13:23,803,0.000754320411022886
13:24,804,0.000756655768332555
13:25,805,0.000758991125642223
13:26,806,0.000761326482951892
13:27,807,0.000763661840261560
13:28,808,0.000765997197571228
13:29,809,0.000768332554880897
13:30,810,0.000770667912190565
13:31,811,0.000775388315263299
13:32,812,0.000780108718336033
13:33,813,0.000784829121408767
13:34,814,0.000789549524481501
13:35,815,0.000794269927554235
13:36,816,0.000798990330626969
13:37,817,0.000803710733699703
13:38,818,0.000808431136772437
13:39,819,0.000813151539845171
13:40,820,0.000817871942917905
13:41,821,0.000820207300227573
13:42,822,0.000822542657537242
13:43,823,0.000824878014846910
13:44,824,0.000827213372156578
13:45,825,0.000829548729466247
13:46,826,0.000831884086775915
13:47,827,0.000834219444085583
13:48,828,0.000836554801395252
13:49,829,0.000838890158704920
13:50,830,0.000841225516014589
13:51,831,0.000837995766543771
13:52,832,0.000834766017072953
13:53,833,0.000831536267602135
13:54,834,0.000828306518131317
13:55,835,0.000825076768660499
13:56,836,0.000821847019189681
13:57,837,0.000818617269718863
13:58,838,0.000815387520248045
13:59,839,0.000812157770777227
14:00,840,0.000808928021306409
14:01,841,0.000804853568127838
14:02,842,0.000800779114949268
14:03,843,0.000796704661770698
14:04,844,0.000792630208592127
14:05,845,0.000788555755413557
14:06,846,0.000784481302234987
14:07,847,0.000780406849056416
14:08,848,0.000776332395877846
14:09,849,0.000772257942699276
14:10,850,0.000768183489520705
14:11,851,0.000774394546195355
14:12,852,0.000780605602870005
14:13,853,0.000786816659544655
14:14,854,0.000793027716219305
14:15,855,0.000799238772893955
14:16,856,0.000805449829568605
14:17,857,0.000811660886243255
14:18,858,0.000817871942917905
14:19,859,0.000824082999592555
14:20,860,0.000830294056267205
14:21,861,0.000847386884235841
14:22,862,0.000864479712204478
14:23,863,0.000881572540173115
14:24,864,0.000898665368141751
14:25,865,0.000915758196110388
14:26,866,0.000932851024079025
14:27,867,0.000949943852047661
14:28,868,0.000967036680016298
14:29,869,0.000984129507984934
14:30,870,0.001001222335953570
14:31,871,0.001010663142099040
14:32,872,0.001020103948244510
14:33,873,0.001029544754389970
14:34,874,0.001038985560535440
14:35,875,0.001048426366680910
14:36,876,0.001057867172826380
14:37,877,0.001067307978971850
14:38,878,0.001076748785117310
14:39,879,0.001086189591262780
14:40,880,0.001095630397408250
14:41,881,0.001093791924632550
14:42,882,0.001091953451856860
14:43,883,0.001090114979081160
14:44,884,0.001088276506305460
14:45,885,0.001086438033529770
14:46,886,0.001084599560754070
14:47,887,0.001082761087978380
14:48,888,0.001080922615202680
14:49,889,0.001079084142426980
14:50,890,0.001077245669651290
14:51,891,0.001075357508422190
14:52,892,0.001073469347193100
14:53,893,0.001071581185964010
14:54,894,0.001069693024734910
14:55,895,0.001067804863505820
14:56,896,0.001065916702276720
14:57,897,0.001064028541047630
14:58,898,0.001062140379818540
14:59,899,0.001060252218589440
15:00,900,0.001058364057360350
15:01,901,0.001056724338398240
15:02,902,0.001055084619436140
15:03,903,0.001053444900474030
15:04,904,0.001051805181511920
15:05,905,0.001050165462549810
15:06,906,0.001048525743587710
15:07,907,0.001046886024625600
15:08,908,0.001045246305663490
15:09,909,0.001043606586701380
15:10,910,0.001041966867739270
15:11,911,0.001044202848142150
15:12,912,0.001046438828545020
15:13,913,0.001048674808947900
15:14,914,0.001050910789350770
15:15,915,0.001053146769753640
15:16,916,0.001055382750156520
15:17,917,0.001057618730559390
15:18,918,0.001059854710962270
15:19,919,0.001062090691365140
15:20,920,0.001064326671768010
15:21,921,0.001074413427807650
15:22,922,0.001084500183847280
15:23,923,0.001094586939886910
15:24,924,0.001104673695926540
15:25,925,0.001114760451966170
15:26,926,0.001124847208005800
15:27,927,0.001134933964045440
15:28,928,0.001145020720085070
15:29,929,0.001155107476124700
15:30,930,0.001165194232164330
15:31,931,0.001173392826974870
15:32,932,0.001181591421785410
15:33,933,0.001189790016595940
15:34,934,0.001197988611406480
15:35,935,0.001206187206217020
15:36,936,0.001214385801027560
15:37,937,0.001222584395838100
15:38,938,0.001230782990648630
15:39,939,0.001238981585459170
15:40,940,0.001247180180269710
15:41,941,0.001252099337156030
15:42,942,0.001257018494042350
15:43,943,0.001261937650928680
15:44,944,0.001266856807815000
15:45,945,0.001271775964701320
15:46,946,0.001276695121587650
15:47,947,0.001281614278473970
15:48,948,0.001286533435360290
15:49,949,0.001291452592246610
15:50,950,0.001296371749132940
15:51,951,0.001303576574875530
15:52,952,0.001310781400618120
15:53,953,0.001317986226360720
15:54,954,0.001325191052103310
15:55,955,0.001332395877845910
15:56,956,0.001339600703588500
15:57,957,0.001346805529331090
15:58,958,0.001354010355073690
15:59,959,0.001361215180816280
16:00,960,0.001368420006558880
16:01,961,0.001371152871495720
16:02,962,0.001373885736432570
16:03,963,0.001376618601369410
16:04,964,0.001379351466306260
16:05,965,0.001382084331243110
16:06,966,0.001384817196179950
16:07,967,0.001387550061116800
16:08,968,0.001390282926053640
16:09,969,0.001393015790990490
16:10,970,0.001395748655927340
16:11,971,0.001398133701690400
16:12,972,0.001400518747453470
16:13,973,0.001402903793216530
16:14,974,0.001405288838979600
16:15,975,0.001407673884742660
16:16,976,0.001410058930505730
16:17,977,0.001412443976268790
16:18,978,0.001414829022031860
16:19,979,0.001417214067794930
16:20,980,0.001419599113557990
16:21,981,0.001432617488348060
16:22,982,0.001445635863138120
16:23,983,0.001458654237928190
16:24,984,0.001471672612718260
16:25,985,0.001484690987508320
16:26,986,0.001497709362298390
16:27,987,0.001510727737088460
16:28,988,0.001523746111878520
16:29,989,0.001536764486668590
16:30,990,0.001549782861458650
16:31,991,0.001561708090273980
16:32,992,0.001573633319089310
16:33,993,0.001585558547904640
16:34,994,0.001597483776719970
16:35,995,0.001609409005535290
16:36,996,0.001621334234350620
16:37,997,0.001633259463165950
16:38,998,0.001645184691981280
16:39,999,0.001657109920796610
16:40,1000,0.001669035149611930
16:41,1001,0.001674153060311840
16:42,1002,0.001679270971011760
16:43,1003,0.001684388881711670
16:44,1004,0.001689506792411580
16:45,1005,0.001694624703111490
16:46,1006,0.001699742613811400
16:47,1007,0.001704860524511310
16:48,1008,0.001709978435211230
16:49,1009,0.001715096345911140
16:50,1010,0.001720214256611050
16:51,1011,0.001734027646655470
16:52,1012,0.001747841036699890
16:53,1013,0.001761654426744310
16:54,1014,0.001775467816788730
16:55,1015,0.001789281206833160
16:56,1016,0.001803094596877580
16:57,1017,0.001816907986922000
16:58,1018,0.001830721376966420
16:59,1019,0.001844534767010840
17:00,1020,0.001858348157055260
17:01,1021,0.001865403917437670
17:02,1022,0.001872459677820070
17:03,1023,0.001879515438202470
17:04,1024,0.001886571198584870
17:05,1025,0.001893626958967280
17:06,1026,0.001900682719349680
17:07,1027,0.001907738479732080
17:08,1028,0.001914794240114480
17:09,1029,0.001921850000496880
17:10,1030,0.001928905760879290
17:11,1031,0.001919614020094010
17:12,1032,0.001910322279308730
17:13,1033,0.001901030538523460
17:14,1034,0.001891738797738180
17:15,1035,0.001882447056952910
17:16,1036,0.001873155316167630
17:17,1037,0.001863863575382350
17:18,1038,0.001854571834597080
17:19,1039,0.001845280093811800
17:20,1040,0.001835988353026520
17:21,1041,0.001820286801753010
17:22,1042,0.001804585250479490
17:23,1043,0.001788883699205980
17:24,1044,0.001773182147932460
17:25,1045,0.001757480596658950
17:26,1046,0.001741779045385430
17:27,1047,0.001726077494111920
17:28,1048,0.001710375942838400
17:29,1049,0.001694674391564890
17:30,1050,0.001678972840291370
17:31,1051,0.001661979389229530
17:32,1052,0.001644985938167690
17:33,1053,0.001627992487105850
17:34,1054,0.001610999036044000
17:35,1055,0.001594005584982160
17:36,1056,0.001577012133920320
17:37,1057,0.001560018682858480
17:38,1058,0.001543025231796640
17:39,1059,0.001526031780734790
17:40,1060,0.001509038329672950
17:41,1061,0.001496069643336280
17:42,1062,0.001483100956999610
17:43,1063,0.001470132270662940
17:44,1064,0.001457163584326270
17:45,1065,0.001444194897989610
17:46,1066,0.001431226211652940
17:47,1067,0.001418257525316270
17:48,1068,0.001405288838979600
17:49,1069,0.001392320152642930
17:50,1070,0.001379351466306260
17:51,1071,0.001363600226579350
17:52,1072,0.001347848986852440
17:53,1073,0.001332097747125520
17:54,1074,0.001316346507398610
17:55,1075,0.001300595267671700
17:56,1076,0.001284844027944790
17:57,1077,0.001269092788217870
17:58,1078,0.001253341548490960
17:59,1079,0.001237590308764050
18:00,1080,0.001221839069037140
18:01,1081,0.001206783467657790
18:02,1082,0.001191727866278430
18:03,1083,0.001176672264899080
18:04,1084,0.001161616663519730
18:05,1085,0.001146561062140380
18:06,1086,0.001131505460761030
18:07,1087,0.001116449859381680
18:08,1088,0.001101394258002330
18:09,1089,0.001086338656622970
18:10,1090,0.001071283055243620
18:11,1091,0.001060103153229250
18:12,1092,0.001048923251214880
18:13,1093,0.001037743349200510
18:14,1094,0.001026563447186140
18:15,1095,0.001015383545171770
18:16,1096,0.001004203643157400
18:17,1097,0.000993023741143033
18:18,1098,0.000981843839128663
18:19,1099,0.000970663937114293
18:20,1100,0.000959484035099923
18:21,1101,0.000950291671221442
18:22,1102,0.000941099307342960
18:23,1103,0.000931906943464478
18:24,1104,0.000922714579585996
18:25,1105,0.000913522215707514
18:26,1106,0.000904329851829032
18:27,1107,0.000895137487950550
18:28,1108,0.000885945124072068
18:29,1109,0.000876752760193586
18:30,1110,0.000867560396315104
18:31,1111,0.000856032675126954
18:32,1112,0.000844504953938804
18:33,1113,0.000832977232750653
18:34,1114,0.000821449511562503
18:35,1115,0.000809921790374353
18:36,1116,0.000798394069186202
18:37,1117,0.000786866347998052
18:38,1118,0.000775338626809902
18:39,1119,0.000763810905621752
18:40,1120,0.000752283184433601
18:41,1121,0.000738221352122194
18:42,1122,0.000724159519810786
18:43,1123,0.000710097687499379
18:44,1124,0.000696035855187971
18:45,1125,0.000681974022876564
18:46,1126,0.000667912190565157
18:47,1127,0.000653850358253749
18:48,1128,0.000639788525942342
18:49,1129,0.000625726693630934
18:50,1130,0.000611664861319527
18:51,1131,0.000607590408140956
18:52,1132,0.000603515954962386
18:53,1133,0.000599441501783815
18:54,1134,0.000595367048605245
18:55,1135,0.000591292595426675
18:56,1136,0.000587218142248104
18:57,1137,0.000583143689069534
18:58,1138,0.000579069235890964
18:59,1139,0.000574994782712393
19:00,1140,0.000570920329533823
19:01,1141,0.000576087928687132
19:02,1142,0.000581255527840440
19:03,1143,0.000586423126993749
19:04,1144,0.000591590726147058
19:05,1145,0.000596758325300367
19:06,1146,0.000601925924453676
19:07,1147,0.000607093523606984
19:08,1148,0.000612261122760293
19:09,1149,0.000617428721913602
19:10,1150,0.000622596321066910
19:11,1151,0.000617875917994176
19:12,1152,0.000613155514921443
19:13,1153,0.000608435111848709
19:14,1154,0.000603714708775975
19:15,1155,0.000598994305703241
19:16,1156,0.000594273902630507
19:17,1157,0.000589553499557773
19:18,1158,0.000584833096485039
19:19,1159,0.000580112693412305
19:20,1160,0.000575392290339571
19:21,1161,0.000564510519045584
19:22,1162,0.000553628747751598
19:23,1163,0.000542746976457611
19:24,1164,0.000531865205163624
19:25,1165,0.000520983433869637
19:26,1166,0.000510101662575651
19:27,1167,0.000499219891281664
19:28,1168,0.000488338119987677
19:29,1169,0.000477456348693691
19:30,1170,0.000466574577399704
19:31,1171,0.000461556043606587
19:32,1172,0.000456537509813470
19:33,1173,0.000451518976020352
19:34,1174,0.000446500442227235
19:35,1175,0.000441481908434118
19:36,1176,0.000436463374641001
19:37,1177,0.000431444840847884
19:38,1178,0.000426426307054767
19:39,1179,0.000421407773261649
19:40,1180,0.000416389239468532
19:41,1181,0.000414451389786042
19:42,1182,0.000412513540103551
19:43,1183,0.000410575690421060
19:44,1184,0.000408637840738569
19:45,1185,0.000406699991056078
19:46,1186,0.000404762141373588
19:47,1187,0.000402824291691097
19:48,1188,0.000400886442008606
19:49,1189,0.000398948592326115
19:50,1190,0.000397010742643624
19:51,1191,0.000399395788406690
19:52,1192,0.000401780834169756
19:53,1193,0.000404165879932821
19:54,1194,0.000406550925695887
19:55,1195,0.000408935971458952
19:56,1196,0.000411321017222018
19:57,1197,0.000413706062985084
19:58,1198,0.000416091108748149
19:59,1199,0.000418476154511215
20:00,1200,0.000420861200274280
20:01,1201,0.000424687211185865
20:02,1202,0.000428513222097449
20:03,1203,0.000432339233009033
20:04,1204,0.000436165243920618
20:05,1205,0.000439991254832202
20:06,1206,0.000443817265743786
20:07,1207,0.000447643276655371
20:08,1208,0.000451469287566955
20:09,1209,0.000455295298478540
20:10,1210,0.000459121309390124
20:11,1211,0.000462847943394914
20:12,1212,0.000466574577399704
20:13,1213,0.000470301211404494
20:14,1214,0.000474027845409284
20:15,1215,0.000477754479414074
20:16,1216,0.000481481113418864
20:17,1217,0.000485207747423654
20:18,1218,0.000488934381428444
20:19,1219,0.000492661015433234
20:20,1220,0.000496387649438024
20:21,1221,0.000499865841175828
20:22,1222,0.000503344032913632
20:23,1223,0.000506822224651435
20:24,1224,0.000510300416389239
20:25,1225,0.000513778608127043
20:26,1226,0.000517256799864847
20:27,1227,0.000520734991602651
20:28,1228,0.000524213183340455
20:29,1229,0.000527691375078259
20:30,1230,0.000531169566816063
20:31,1231,0.000533554612579129
20:32,1232,0.000535939658342194
20:33,1233,0.000538324704105260
20:34,1234,0.000540709749868326
20:35,1235,0.000543094795631391
20:36,1236,0.000545479841394457
20:37,1237,0.000547864887157522
20:38,1238,0.000550249932920588
20:39,1239,0.000552634978683654
20:40,1240,0.000555020024446719
20:41,1241,0.000558349150824332
20:42,1242,0.000561678277201944
20:43,1243,0.000565007403579556
20:44,1244,0.000568336529957169
20:45,1245,0.000571665656334781
20:46,1246,0.000574994782712393
20:47,1247,0.000578323909090006
20:48,1248,0.000581653035467618
20:49,1249,0.000584982161845230
20:50,1250,0.000588311288222843
20:51,1251,0.000587317519154899
20:52,1252,0.000586323750086955
20:53,1253,0.000585329981019011
20:54,1254,0.000584336211951067
20:55,1255,0.000583342442883123
20:56,1256,0.000582348673815179
20:57,1257,0.000581354904747235
20:58,1258,0.000580361135679291
20:59,1259,0.000579367366611347
21:00,1260,0.000578373597543403
21:01,1261,0.000574497898178421
21:02,1262,0.000570622198813440
21:03,1263,0.000566746499448458
21:04,1264,0.000562870800083477
21:05,1265,0.000558995100718495
21:06,1266,0.000555119401353514
21:07,1267,0.000551243701988532
21:08,1268,0.000547368002623550
21:09,1269,0.000543492303258569
21:10,1270,0.000539616603893587
21:11,1271,0.000535492462261620
21:12,1272,0.000531368320629652
21:13,1273,0.000527244178997684
21:14,1274,0.000523120037365717
21:15,1275,0.000518995895733749
21:16,1276,0.000514871754101782
21:17,1277,0.000510747612469814
21:18,1278,0.000506623470837847
21:19,1279,0.000502499329205879
21:20,1280,0.000498375187573912
21:21,1281,0.000489828773589593
21:22,1282,0.000481282359605275
21:23,1283,0.000472735945620957
21:24,1284,0.000464189531636638
21:25,1285,0.000455643117652320
21:26,1286,0.000447096703668002
21:27,1287,0.000438550289683683
21:28,1288,0.000430003875699365
21:29,1289,0.000421457461715047
21:30,1290,0.000412911047730728
21:31,1291,0.000405706221988134
21:32,1292,0.000398501396245540
21:33,1293,0.000391296570502947
21:34,1294,0.000384091744760353
21:35,1295,0.000376886919017759
21:36,1296,0.000369682093275165
21:37,1297,0.000362477267532571
21:38,1298,0.000355272441789977
21:39,1299,0.000348067616047383
21:40,1300,0.000340862790304789
21:41,1301,0.000336738648672821
21:42,1302,0.000332614507040854
21:43,1303,0.000328490365408886
21:44,1304,0.000324366223776919
21:45,1305,0.000320242082144951
21:46,1306,0.000316117940512984
21:47,1307,0.000311993798881016
21:48,1308,0.000307869657249048
21:49,1309,0.000303745515617081
21:50,1310,0.000299621373985113
21:51,1311,0.000298031343476403
21:52,1312,0.000296441312967693
21:53,1313,0.000294851282458982
21:54,1314,0.000293261251950272
21:55,1315,0.000291671221441561
21:56,1316,0.000290081190932851
21:57,1317,0.000288491160424141
21:58,1318,0.000286901129915430
21:59,1319,0.000285311099406720
22:00,1320,0.000283721068898009
22:01,1321,0.000282975742097051
22:02,1322,0.000282230415296093
22:03,1323,0.000281485088495135
22:04,1324,0.000280739761694178
22:05,1325,0.000279994434893220
22:06,1326,0.000279249108092262
22:07,1327,0.000278503781291304
22:08,1328,0.000277758454490346
22:09,1329,0.000277013127689388
22:10,1330,0.000276267800888430
22:11,1331,0.000272640543790434
22:12,1332,0.000269013286692438
22:13,1333,0.000265386029594443
22:14,1334,0.000261758772496447
22:15,1335,0.000258131515398452
22:16,1336,0.000254504258300456
22:17,1337,0.000250877001202461
22:18,1338,0.000247249744104465
22:19,1339,0.000243622487006469
22:20,1340,0.000239995229908474
22:21,1341,0.000235821399823109
22:22,1342,0.000231647569737744
22:23,1343,0.000227473739652380
22:24,1344,0.000223299909567015
22:25,1345,0.000219126079481650
22:26,1346,0.000214952249396285
22:27,1347,0.000210778419310921
22:28,1348,0.000206604589225556
22:29,1349,0.000202430759140191
22:30,1350,0.000198256929054826
22:31,1351,0.000196170014012144
22:32,1352,0.000194083098969461
22:33,1353,0.000191996183926779
22:34,1354,0.000189909268884097
22:35,1355,0.000187822353841414
22:36,1356,0.000185735438798732
22:37,1357,0.000183648523756050
22:38,1358,0.000181561608713367
22:39,1359,0.000179474693670685
22:40,1360,0.000177387778628002
22:41,1361,0.000177338090174605
22:42,1362,0.000177288401721208
22:43,1363,0.000177238713267811
22:44,1364,0.000177189024814414
22:45,1365,0.000177139336361016
22:46,1366,0.000177089647907619
22:47,1367,0.000177039959454222
22:48,1368,0.000176990271000825
22:49,1369,0.000176940582547428
22:50,1370,0.000176890894094030
22:51,1371,0.000176195255746470
22:52,1372,0.000175499617398909
22:53,1373,0.000174803979051348
22:54,1374,0.000174108340703787
22:55,1375,0.000173412702356226
22:56,1376,0.000172717064008666
22:57,1377,0.000172021425661105
22:58,1378,0.000171325787313544
22:59,1379,0.000170630148965983
23:00,1380,0.000169934510618422
23:01,1381,0.000167350711041768
23:02,1382,0.000164766911465114
23:03,1383,0.000162183111888459
23:04,1384,0.000159599312311805
23:05,1385,0.000157015512735151
23:06,1386,0.000154431713158496
23:07,1387,0.000151847913581842
23:08,1388,0.000149264114005187
23:09,1389,0.000146680314428533
23:10,1390,0.000144096514851879
23:11,1391,0.000141661780635416
23:12,1392,0.000139227046418953
23:13,1393,0.000136792312202490
23:14,1394,0.000134357577986028
23:15,1395,0.000131922843769565
23:16,1396,0.000129488109553102
23:17,1397,0.000127053375336639
23:18,1398,0.000124618641120177
23:19,1399,0.000122183906903714
23:20,1400,0.000119749172687251
23:21,1401,0.000116420046309639
23:22,1402,0.000113090919932026
23:23,1403,0.000109761793554414
23:24,1404,0.000106432667176801
23:25,1405,0.000103103540799189
23:26,1406,0.000099774414421577
23:27,1407,0.000096445288043964
23:28,1408,0.000093116161666352
23:29,1409,0.000089787035288740
23:30,1410,0.000086457908911127
23:31,1411,0.000083526290160693
23:32,1412,0.000080594671410258
23:33,1413,0.000077663052659823
23:34,1414,0.000074731433909388
23:35,1415,0.000071799815158953
23:36,1416,0.000068868196408519
23:37,1417,0.000065936577658084
23:38,1418,0.000063004958907649
23:39,1419,0.000060073340157214
23:40,1420,0.000057141721406780
23:41,1421,0.000055502002444672
23:42,1422,0.000053862283482564
23:43,1423,0.000052222564520457
23:44,1424,0.000050582845558349
23:45,1425,0.000048943126596242
23:46,1426,0.000047303407634134
23:47,1427,0.000045663688672026
23:48,1428,0.000044023969709919
23:49,1429,0.000042384250747811
23:50,1430,0.000040744531785704
23:51,1431,0.000040396712611923
23:52,1432,0.000040048893438143
23:53,1433,0.000039701074264363
23:54,1434,0.000039353255090582
23:55,1435,0.000039005435916802
23:56,1436,0.000038657616743021
23:57,1437,0.000038309797569241
23:58,1438,0.000037961978395461
23:59,1439,0.000037614159221680